youssef82243
mohamed8224mohamed123
fatiha8224fatiha24
amina8224amina76
Ahlam@naji8224ahlam123naji
younes@cherbal8224younes123cherbal
oussama@khde8224oussama123
